{"cameraMode":{"drawMode":0,"name":"Shaded","section":"Shading Mode"},"sceneLighting":false,"audioPlay":false,"sceneViewState":{"showFog":true,"showMaterialUpdate":false,"showSkybox":true,"showFlares":true,"showImageEffects":true,"showParticleSystems":true},"in2DMode":false,"pivot":{"x":-0.000003814697265625,"y":0.2651987075805664,"z":-0.5189685821533203},"rotation":{"x":0.07548286765813828,"y":-0.8358656167984009,"z":0.11892315745353699,"w":0.5305548310279846},"size":45.32829284667969,"orthographic":false}