{"cameraMode":{"drawMode":0,"name":"Shaded","section":"Shading Mode"},"sceneLighting":false,"audioPlay":false,"sceneViewState":{"showFog":false,"showMaterialUpdate":false,"showSkybox":false,"showFlares":false,"showImageEffects":false,"showParticleSystems":false},"in2DMode":false,"pivot":{"x":75.99942016601563,"y":-85.70358276367188,"z":243.80279541015626},"rotation":{"x":0.14696548879146577,"y":0.13171985745429994,"z":-0.01974811591207981,"w":0.9801332354545593},"size":391.0865173339844,"orthographic":true}